,precision,recall,f1-score,support
0,0.7366375121477162,0.871264367816092,0.7983149025803055,870.0
1,0.9431760527650939,0.8727699530516432,0.9066081443550353,2130.0
accuracy,0.8723333333333333,0.8723333333333333,0.8723333333333333,0.8723333333333333
macro avg,0.839906782456405,0.8720171604338676,0.8524615234676705,3000.0
weighted avg,0.8832798759860543,0.8723333333333333,0.8752031042403637,3000.0
